id;start_date;end_date;note;note_admin
1;2020-05-31T09:41:06;2020-05-31T13:58:45;withdrawal Manager Savings Account;Administrator circuit Gorgeous Granite Pizza
2;2020-05-30T23:29:56;2020-05-30T16:42:42;transition Investment Account lime;seize
3;2020-05-31T00:36:51;2020-05-31T01:56:15;Virginia;Checking Account
4;2020-05-31T12:24:12;2020-05-30T22:56:13;payment e-enable;deliver
5;2020-05-31T03:47:14;2020-05-30T18:30:40;Integration payment;red Hat
6;2020-05-31T04:58:39;2020-05-31T09:58:48;Rustic Corporate vertical;violet Specialist
7;2020-05-30T23:16:10;2020-05-31T07:48:31;Gorgeous turn-key North Carolina;Intelligent Cotton Sausages Savings Account
8;2020-05-31T03:25:27;2020-05-31T03:28:22;Brook Central;navigating Intelligent Fresh Car toolset
9;2020-05-30T22:14:45;2020-05-31T08:22:30;Connecticut Grocery ADP;Borders Personal Loan Account
10;2020-05-31T00:54:38;2020-05-30T19:02:36;Home Loan Account mobile SCSI;transmitter mobile
